﻿<?xml version="1.0" encoding="utf-8"?><meta xmlns:xsi="http://www.w3.org/2001/XMLSchema-instance" xmlns:xsd="http://www.w3.org/2001/XMLSchema"><project id="64hcA27aUEL" courseid="6CyLdT7TQGd_course_id" thumburl="story_content/thumbnail.jpg" title="A1-Diferenciando conceptos y productos" datepublished="2021-12-14T02:41:47" version="1.0.0.0" flashdata="story_content/data.swf" html5data="mobile/data.json" mobiledata="mobile/data.gz" enabledownload="false" duration="About 60 seconds" totalaudio="0" totalvideo="0"><description>Reconocer las diferencias entre productos ecológicos y agroecológicos. </description><keywords /><slidemeta moniker="slide" monikerplural="slides" viewslides="12" slidecountdescription="12 slides" /><author name="PC-Eux" email="" website="" /><application name="Articulate Storyline" version="3.52.25247.0" xmlversion="4.0" /></project></meta>